{
  "hash": "aa3fea7d",
  "configHash": "48b70e77",
  "lockfileHash": "4a2a69ad",
  "browserHash": "33d53a6e",
  "optimized": {
    "@angular/common": {
      "src": "../../../../../../node_modules/@angular/common/fesm2022/common.mjs",
      "file": "@angular_common.js",
      "fileHash": "f63142bb",
      "needsInterop": false
    },
    "@angular/core": {
      "src": "../../../../../../node_modules/@angular/core/fesm2022/core.mjs",
      "file": "@angular_core.js",
      "fileHash": "40de3065",
      "needsInterop": false
    },
    "@angular/forms": {
      "src": "../../../../../../node_modules/@angular/forms/fesm2022/forms.mjs",
      "file": "@angular_forms.js",
      "fileHash": "48adc7e9",
      "needsInterop": false
    },
    "@angular/platform-browser": {
      "src": "../../../../../../node_modules/@angular/platform-browser/fesm2022/platform-browser.mjs",
      "file": "@angular_platform-browser.js",
      "fileHash": "67915489",
      "needsInterop": false
    },
    "@angular/router": {
      "src": "../../../../../../node_modules/@angular/router/fesm2022/router.mjs",
      "file": "@angular_router.js",
      "fileHash": "26c1801a",
      "needsInterop": false
    }
  },
  "chunks": {
    "chunk-VNYNETNO": {
      "file": "chunk-VNYNETNO.js"
    },
    "chunk-YL4PDYQD": {
      "file": "chunk-YL4PDYQD.js"
    },
    "chunk-4W46YXB2": {
      "file": "chunk-4W46YXB2.js"
    }
  }
}